truncate table
  public.notifications,
  public.audit_logs,
  public.moderation_reports,
  public.club_applications,
  public.route_waypoints,
  public.ride_registrations,
  public.rides,
  public.routes,
  public.map_points,
  public.club_memberships,
  public.clubs,
  public.users
restart identity cascade;

insert into public.users (
  id,
  telegram_id,
  username,
  first_name,
  photo_url,
  cycling_level,
  bike_type,
  preferred_pace_min,
  preferred_pace_max
) values
  ('00000000-0000-4000-8000-000000000001', 'demo-browser', 'demo_rider', 'Демо райдер', null, 'casual', 'gravel', 18, 24),
  ('00000000-0000-4000-8000-000000000002', '1002', 'lena_pedals', 'Лена', null, 'intermediate', 'road', 24, 30),
  ('00000000-0000-4000-8000-000000000003', '1003', 'max_gravel', 'Макс', null, 'advanced', 'gravel', 22, 28),
  ('00000000-0000-4000-8000-000000000004', '1004', 'anya_city', 'Аня', null, 'beginner', 'city', 14, 19),
  ('00000000-0000-4000-8000-000000000005', '1005', 'ivan_rider', 'Иван', null, 'casual', 'any', 16, 23);

update public.users set global_role = 'super_admin' where id = '00000000-0000-4000-8000-000000000001';
update public.users set global_role = 'verified_organizer' where id in ('00000000-0000-4000-8000-000000000002', '00000000-0000-4000-8000-000000000003');
update public.users set global_role = 'rider' where id in ('00000000-0000-4000-8000-000000000004', '00000000-0000-4000-8000-000000000005');

insert into public.clubs (
  id,
  name,
  slug,
  description,
  logo_url,
  telegram_url,
  city,
  sport_type,
  tags
) values
  ('10000000-0000-4000-8000-000000000001', 'Easy Coffee Ride', 'easy-coffee-ride', 'Спокойные коферайды по набережным и паркам, без гонки и с обязательной остановкой на хороший фильтр.', null, 'https://t.me/easy_coffee_ride', 'Москва', 'cycling', array['кофе', 'новичкам', 'город']),
  ('10000000-0000-4000-8000-000000000002', 'Moscow Gravel Crew', 'moscow-gravel-crew', 'Гравел-поездки вокруг Москвы: парки, просеки, легкие грунты и разговоры на привалах.', null, 'https://t.me/moscow_gravel_crew', 'Москва', 'cycling', array['гравел', 'лес', 'выходные']),
  ('10000000-0000-4000-8000-000000000003', 'Night City Cycling', 'night-city-cycling', 'Ночные городские заезды с красивыми видами, подсветкой и аккуратным темпом колонны.', null, 'https://t.me/night_city_cycling', 'Москва', 'cycling', array['ночь', 'прогулка', 'свет']),
  ('10000000-0000-4000-8000-000000000004', 'Newbie Bike Moscow', 'newbie-bike-moscow', 'Клуб для тех, кто только втягивается: короткие дистанции, no-drop и помощь с базовой техникой.', null, 'https://t.me/newbie_bike_moscow', 'Москва', 'cycling', array['новичкам', 'no-drop', 'город']),
  ('10000000-0000-4000-8000-000000000005', 'Road Tempo Club', 'road-tempo-club', 'Шоссейные тренировки для тех, кто любит ровную смену, понятный план и бодрый темп.', null, 'https://t.me/road_tempo_club', 'Москва', 'cycling', array['шоссе', 'темп', 'тренировки']);

insert into public.club_memberships (id, club_id, user_id, role) values
  ('50000000-0000-4000-8000-000000000001', '10000000-0000-4000-8000-000000000001', '00000000-0000-4000-8000-000000000002', 'club_owner'),
  ('50000000-0000-4000-8000-000000000002', '10000000-0000-4000-8000-000000000003', '00000000-0000-4000-8000-000000000002', 'club_organizer'),
  ('50000000-0000-4000-8000-000000000003', '10000000-0000-4000-8000-000000000002', '00000000-0000-4000-8000-000000000003', 'club_admin'),
  ('50000000-0000-4000-8000-000000000004', '10000000-0000-4000-8000-000000000004', '00000000-0000-4000-8000-000000000004', 'club_owner');

insert into public.rides (
  id,
  club_id,
  creator_user_id,
  title,
  description,
  date_time,
  start_location_name,
  start_lat,
  start_lng,
  finish_location_name,
  finish_lat,
  finish_lng,
  distance_km,
  pace_min_kmh,
  pace_max_kmh,
  level,
  ride_type,
  bike_type,
  no_drop,
  max_participants,
  rules,
  what_to_bring,
  route_url,
  telegram_chat_url,
  status
) values
  ('20000000-0000-4000-8000-000000000001', '10000000-0000-4000-8000-000000000001', '00000000-0000-4000-8000-000000000001', 'Коферайд по набережным', 'Легкий круг от Парка Горького до Красного Октября и обратно. Заезжаем на кофе, едем разговорным темпом.', current_date + time '19:30', 'Парк Горького, главный вход', 55.7298, 37.6037, 'Парк Горького', 55.7298, 37.6037, 22, 16, 22, 'casual', 'coffee', 'any', true, 18, 'Шлем желателен, держим дистанцию, на набережных не устраиваем гонку.', 'Вода, замок, свет на обратную дорогу.', 'https://www.openstreetmap.org/#map=13/55.7298/37.6037', 'https://t.me/easy_coffee_ride', 'active'),
  ('20000000-0000-4000-8000-000000000002', '10000000-0000-4000-8000-000000000004', '00000000-0000-4000-8000-000000000004', 'Новичковый заезд 25 км', 'Очень понятный городской маршрут для первого группового выезда. Перед стартом коротко объясним жесты и правила колонны.', current_date + interval '1 day' + time '11:00', 'ВДНХ, арка главного входа', 55.824, 37.6386, 'Сокольники', 55.7941, 37.6788, 25, 14, 18, 'beginner', 'city', 'any', true, 20, 'Едем одной группой, ждём всех, без резких перестроений.', 'Исправный велосипед, вода, запасная камера по возможности.', null, 'https://t.me/newbie_bike_moscow', 'active'),
  ('20000000-0000-4000-8000-000000000003', '10000000-0000-4000-8000-000000000003', '00000000-0000-4000-8000-000000000002', 'Ночной центр', 'Короткий ночной круг через Китай-город, набережные и тихие улицы центра. Свет обязателен.', current_date + interval '1 day' + time '22:15', 'Парк Зарядье', 55.752, 37.6285, 'Парк Зарядье', 55.752, 37.6285, 28, 18, 24, 'intermediate', 'night', 'any', true, 16, 'Передний и задний свет обязательны. Алкоголь после, не до.', 'Свет, отражатели, теплая ветровка.', 'https://www.openstreetmap.org/#map=14/55.7520/37.6285', 'https://t.me/night_city_cycling', 'active'),
  ('20000000-0000-4000-8000-000000000004', '10000000-0000-4000-8000-000000000002', '00000000-0000-4000-8000-000000000003', 'Гравел до Лосиного острова', 'Смешанный маршрут: город, парковые дорожки, легкий грунт. Хороший вариант для первого гравела рядом с Москвой.', current_date + interval '2 days' + time '09:30', 'Сокольники, круг у фонтана', 55.7941, 37.6788, 'Сокольники', 55.7941, 37.6788, 48, 18, 24, 'intermediate', 'gravel', 'gravel', true, 14, 'Покрышки от 35 мм приветствуются, на сложных местах ждём группу.', 'Камера, насос, перекус, вода на 2 часа.', null, 'https://t.me/moscow_gravel_crew', 'active'),
  ('20000000-0000-4000-8000-000000000005', '10000000-0000-4000-8000-000000000005', '00000000-0000-4000-8000-000000000002', 'Темповая тренировка в Крылатском', 'Ровная работа по кругам: разминка, 4 темповых отрезка, заминка. Для тех, кто уверенно держит колесо.', current_date + interval '2 days' + time '08:00', 'Гребной канал, северный вход', 55.7597, 37.4352, 'Гребной канал', 55.7597, 37.4352, 55, 28, 34, 'advanced', 'training', 'road', false, 12, 'Шоссейный велосипед, шлем, умение ехать в группе.', 'Две фляги, питание, камера.', 'https://www.openstreetmap.org/#map=13/55.7597/37.4352', 'https://t.me/road_tempo_club', 'active'),
  ('20000000-0000-4000-8000-000000000006', '10000000-0000-4000-8000-000000000001', '00000000-0000-4000-8000-000000000001', 'Сколково лайтово', 'Выезд за город без спортивной злости: ровный асфальт, остановка на кофе и возвращение электричкой по желанию.', current_date + interval '3 days' + time '10:00', 'Парк Победы', 55.7362, 37.5146, 'Сколково', 55.6988, 37.3594, 42, 20, 25, 'casual', 'city', 'any', true, 18, 'Без отрывов, на выездах из города едем компактно.', 'Вода, перекус, карта Тройка на всякий случай.', null, 'https://t.me/easy_coffee_ride', 'active'),
  ('20000000-0000-4000-8000-000000000007', '10000000-0000-4000-8000-000000000004', '00000000-0000-4000-8000-000000000004', 'Парк Горького — Воробьёвы', 'Классика для уверенного старта сезона: набережные, смотровая, короткая пауза и возвращение обратно.', current_date + interval '4 days' + time '19:00', 'Парк Горького, фонтан', 55.7298, 37.6037, 'Парк Горького', 55.7298, 37.6037, 20, 15, 20, 'beginner', 'city', 'any', true, 22, 'Подойдет для первого группового выезда.', 'Вода, шлем, хорошее настроение.', 'https://www.openstreetmap.org/#map=13/55.7104/37.5426', 'https://t.me/newbie_bike_moscow', 'active'),
  ('20000000-0000-4000-8000-000000000008', '10000000-0000-4000-8000-000000000002', '00000000-0000-4000-8000-000000000003', 'Зелёное кольцо: кусок маршрута', 'Едем связку парков и тихих улиц, тестируем зеленый коридор без полного кольца.', current_date + interval '5 days' + time '10:30', 'ВДНХ', 55.824, 37.6386, 'Измайловский парк', 55.7869, 37.7813, 36, 18, 23, 'intermediate', 'gravel', 'gravel', true, 16, 'Часть маршрута может быть по грунту после дождя.', 'Запасная камера, вода, перекус.', null, 'https://t.me/moscow_gravel_crew', 'active'),
  ('20000000-0000-4000-8000-000000000009', '10000000-0000-4000-8000-000000000003', '00000000-0000-4000-8000-000000000001', 'Закат на смотровой', 'Встречаемся после работы, едем через набережные на смотровую и возвращаемся по светлому городу.', current_date + time '20:00', 'Крымский мост', 55.7337, 37.5993, 'Воробьёвы горы', 55.7104, 37.5426, 24, 18, 23, 'casual', 'night', 'any', true, 15, 'Свет обязателен после заката.', 'Ветровка и задняя мигалка.', null, 'https://t.me/night_city_cycling', 'active'),
  ('20000000-0000-4000-8000-000000000010', '10000000-0000-4000-8000-000000000005', '00000000-0000-4000-8000-000000000002', 'Шоссейный ровный час', 'Час ровной групповой работы без сюрпризов. Подойдет тем, кто уже ездит в сменах.', current_date + interval '6 days' + time '07:30', 'Крылатское, велотрек', 55.7597, 37.4352, 'Крылатское', 55.7597, 37.4352, 38, 30, 36, 'sport', 'road', 'road', false, 10, 'Без лежаков, шлем обязателен.', 'Питание на тренировку и две фляги.', null, 'https://t.me/road_tempo_club', 'active'),
  ('20000000-0000-4000-8000-000000000011', '10000000-0000-4000-8000-000000000001', '00000000-0000-4000-8000-000000000004', 'Утренний фильтр у Яузы', 'Мягкий старт дня: короткая Яуза, кофе и разъезд по делам.', current_date + interval '1 day' + time '08:15', 'Сад Баумана', 55.7666, 37.6598, 'Artplay', 55.7523, 37.6683, 18, 15, 20, 'casual', 'coffee', 'any', true, 12, 'Коротко и дружелюбно.', 'Замок для кофейной остановки.', null, 'https://t.me/easy_coffee_ride', 'active'),
  ('20000000-0000-4000-8000-000000000012', '10000000-0000-4000-8000-000000000002', '00000000-0000-4000-8000-000000000003', 'Гравел-проба для города', 'Легкая проверка гравела: немного асфальта, немного парковых дорожек, без дальнего выезда.', current_date + interval '2 days' + time '17:00', 'Измайловский парк, северный вход', 55.7916, 37.7498, 'Измайловский парк', 55.7916, 37.7498, 30, 17, 22, 'casual', 'gravel', 'gravel', true, 14, 'Подходит для гравела и MTB.', 'Вода, запаска, желание не спешить.', null, 'https://t.me/moscow_gravel_crew', 'active');

insert into public.routes (
  id,
  title,
  source_type,
  original_url,
  geometry_geojson,
  distance_km,
  elevation_gain_m,
  bbox,
  created_by_user_id
) values
  ('60000000-0000-4000-8000-000000000001', 'Набережные от Парка Горького', 'demo', 'https://www.openstreetmap.org/#map=13/55.7298/37.6037', '{"type":"LineString","coordinates":[[37.6037,55.7298],[37.5993,55.7337],[37.6078,55.7422],[37.6285,55.752],[37.6125,55.744],[37.6037,55.7298]]}', 22, 80, '[37.5993,55.7298,37.6285,55.752]', '00000000-0000-4000-8000-000000000001'),
  ('60000000-0000-4000-8000-000000000002', 'Гравел до Лосиного острова', 'demo', null, '{"type":"LineString","coordinates":[[37.6788,55.7941],[37.701,55.804],[37.733,55.812],[37.765,55.806],[37.7813,55.7869],[37.6788,55.7941]]}', 48, 140, '[37.6788,55.7869,37.7813,55.812]', '00000000-0000-4000-8000-000000000003'),
  ('60000000-0000-4000-8000-000000000003', 'Парк Горького — Воробьёвы', 'demo', 'https://www.openstreetmap.org/#map=13/55.7104/37.5426', '{"type":"LineString","coordinates":[[37.6037,55.7298],[37.584,55.7206],[37.5602,55.715],[37.5426,55.7104],[37.565,55.7185],[37.6037,55.7298]]}', 20, 110, '[37.5426,55.7104,37.6037,55.7298]', '00000000-0000-4000-8000-000000000004');

update public.rides
set route_id = '60000000-0000-4000-8000-000000000001'
where id = '20000000-0000-4000-8000-000000000001';

update public.rides
set route_id = '60000000-0000-4000-8000-000000000002'
where id = '20000000-0000-4000-8000-000000000004';

update public.rides
set route_id = '60000000-0000-4000-8000-000000000003'
where id = '20000000-0000-4000-8000-000000000007';

insert into public.ride_registrations (id, ride_id, user_id, status) values
  ('30000000-0000-4000-8000-000000000001', '20000000-0000-4000-8000-000000000001', '00000000-0000-4000-8000-000000000002', 'going'),
  ('30000000-0000-4000-8000-000000000002', '20000000-0000-4000-8000-000000000001', '00000000-0000-4000-8000-000000000003', 'maybe'),
  ('30000000-0000-4000-8000-000000000003', '20000000-0000-4000-8000-000000000002', '00000000-0000-4000-8000-000000000001', 'going'),
  ('30000000-0000-4000-8000-000000000004', '20000000-0000-4000-8000-000000000003', '00000000-0000-4000-8000-000000000004', 'going'),
  ('30000000-0000-4000-8000-000000000005', '20000000-0000-4000-8000-000000000005', '00000000-0000-4000-8000-000000000003', 'going'),
  ('30000000-0000-4000-8000-000000000006', '20000000-0000-4000-8000-000000000007', '00000000-0000-4000-8000-000000000002', 'going');

insert into public.map_points (id, title, description, type, lat, lng) values
  ('40000000-0000-4000-8000-000000000001', 'Велополоса на Фрунзенской', 'Удобный участок для спокойного движения вдоль набережной.', 'bike_lane', 55.7229, 37.5869),
  ('40000000-0000-4000-8000-000000000002', 'Смотровая Воробьёвых', 'Классическая точка для фото и короткой паузы.', 'scenic', 55.7104, 37.5426),
  ('40000000-0000-4000-8000-000000000003', 'Мастерская у Бауманской', 'Можно быстро подкачать колесо и купить камеру.', 'repair', 55.7722, 37.6791),
  ('40000000-0000-4000-8000-000000000004', 'Питьевой фонтан у Музеона', 'Удобно пополнить фляги перед набережной.', 'water', 55.735, 37.6067),
  ('40000000-0000-4000-8000-000000000005', 'Кофе у Крымского', 'Популярная остановка перед вечерним кругом.', 'cafe', 55.7332, 37.5998),
  ('40000000-0000-4000-8000-000000000006', 'Узкий участок на Яузе', 'Много пешеходов вечером, лучше сбавить скорость.', 'warning', 55.766, 37.6697),
  ('40000000-0000-4000-8000-000000000007', 'Велодорожка ВДНХ', 'Хорошее место для новичковой разминки.', 'bike_lane', 55.8244, 37.6389),
  ('40000000-0000-4000-8000-000000000008', 'Кафе в Сокольниках', 'Точка сбора перед гравелом в Лосиный остров.', 'cafe', 55.7937, 37.6769),
  ('40000000-0000-4000-8000-000000000009', 'Парк Победы: широкий старт', 'Удобно собрать большую группу перед выездом на запад.', 'scenic', 55.7362, 37.5146),
  ('40000000-0000-4000-8000-000000000010', 'Крылатское: спортивный круг', 'Следите за быстрыми группами и держите правую сторону.', 'warning', 55.7597, 37.4352);

insert into public.club_applications (
  id,
  applicant_user_id,
  proposed_name,
  proposed_slug,
  description,
  telegram_url,
  proof_text,
  proof_links,
  city,
  tags,
  status,
  admin_comment,
  reviewed_by_user_id,
  reviewed_at
) values
  ('70000000-0000-4000-8000-000000000001', '00000000-0000-4000-8000-000000000004', 'River Slow Roll', 'river-slow-roll', 'Медленные городские заезды вдоль воды для тех, кто не хочет гонку.', 'https://t.me/river_slow_roll', 'Ведем чат на 180 человек, регулярно собираем вечерние выезды.', array['https://t.me/river_slow_roll'], 'Москва', array['город', 'новичкам', 'no-drop'], 'pending', null, null, null),
  ('70000000-0000-4000-8000-000000000002', '00000000-0000-4000-8000-000000000003', 'North Gravel Sundays', 'north-gravel-sundays', 'Воскресные гравел-маршруты на севере Москвы и области.', 'https://t.me/north_gravel_sundays', 'Есть открытые отчеты и регулярные GPX-треки.', array['https://t.me/north_gravel_sundays'], 'Москва', array['гравел', 'выходные', 'длинные'], 'pending', null, null, null),
  ('70000000-0000-4000-8000-000000000003', '00000000-0000-4000-8000-000000000002', 'Old Track Archive', 'old-track-archive', 'Архивный клуб без активных стартов.', 'https://t.me/old_track_archive', 'Активности сейчас нет.', '{}', 'Москва', array['архив'], 'rejected', 'Нужно показать регулярные живые старты.', '00000000-0000-4000-8000-000000000001', now());

insert into public.moderation_reports (id, reporter_user_id, target_type, target_id, reason, status) values
  ('80000000-0000-4000-8000-000000000001', '00000000-0000-4000-8000-000000000004', 'ride', '20000000-0000-4000-8000-000000000005', 'В описании не хватает предупреждения о спортивном темпе.', 'open');

insert into public.notifications (id, user_id, type, title, body, entity_type, entity_id) values
  ('90000000-0000-4000-8000-000000000001', '00000000-0000-4000-8000-000000000004', 'club_application', 'Заявка на клуб отправлена', 'River Slow Roll ждет модерации.', 'club_application', '70000000-0000-4000-8000-000000000001'),
  ('90000000-0000-4000-8000-000000000002', '00000000-0000-4000-8000-000000000001', 'admin', 'Есть новые заявки', 'Проверьте заявки на создание клубов в админке.', 'club_application', '70000000-0000-4000-8000-000000000001');

insert into public.audit_logs (id, actor_user_id, action, entity_type, entity_id, old_value, new_value) values
  ('91000000-0000-4000-8000-000000000001', '00000000-0000-4000-8000-000000000001', 'seed_demo_loaded', 'system', 'demo', null, '{"clubs":5,"rides":12}');
